I2M2;v1.0.6;2023-04-26;Temps d'execution :;10.35secs
CODE_OPERATION;CODE_STATION;DATE;CODE_PAR;LIB_PAR;RESULTAT;COMMENTAIRE
0416159517/08/2022;04161595;17/08/2022;8058;IndiceShannonI2M2;0.8559;
0416159517/08/2022;04161595;17/08/2022;8057;AverageScorePerTaxonI2M2;0.7465;
0416159517/08/2022;04161595;17/08/2022;8056;PolyvoltinismeI2M2;0.5346;
0416159517/08/2022;04161595;17/08/2022;8055;OvovivipariteI2M2;0.4002;
0416159517/08/2022;04161595;17/08/2022;8054;RichesseI2M2;0.5714;
0416159517/08/2022;04161595;17/08/2022;7613;Ind Invert Multimetrique;0.6116;
0416159517/08/2022;04161595;17/08/2022;8050;NbTaxonsI2M2Contributifs;53;Les taxons suivants, representant 5% des taxons du prelevement, n'ont pas ete pris en compte dans le calcul : 50011, 3127, 3170.
0416190013/07/2022;04161900;13/07/2022;8058;IndiceShannonI2M2;0.475;
0416190013/07/2022;04161900;13/07/2022;8057;AverageScorePerTaxonI2M2;0.3875;
0416190013/07/2022;04161900;13/07/2022;8056;PolyvoltinismeI2M2;0.2049;
0416190013/07/2022;04161900;13/07/2022;8055;OvovivipariteI2M2;0.23;
0416190013/07/2022;04161900;13/07/2022;8054;RichesseI2M2;0.4286;
0416190013/07/2022;04161900;13/07/2022;7613;Ind Invert Multimetrique;0.3322;
0416190013/07/2022;04161900;13/07/2022;8050;NbTaxonsI2M2Contributifs;44;Les taxons suivants, representant 2% des taxons du prelevement, n'ont pas ete pris en compte dans le calcul : 50011.
0416230006/09/2022;04162300;06/09/2022;8058;IndiceShannonI2M2;0.8311;
0416230006/09/2022;04162300;06/09/2022;8057;AverageScorePerTaxonI2M2;0.8882;
0416230006/09/2022;04162300;06/09/2022;8056;PolyvoltinismeI2M2;0.7176;
0416230006/09/2022;04162300;06/09/2022;8055;OvovivipariteI2M2;0.589;
0416230006/09/2022;04162300;06/09/2022;8054;RichesseI2M2;0.5197;
0416230006/09/2022;04162300;06/09/2022;7613;Ind Invert Multimetrique;0.7143;
0416230006/09/2022;04162300;06/09/2022;8050;NbTaxonsI2M2Contributifs;50;Les taxons suivants, representant 2% des taxons du prelevement, n'ont pas ete pris en compte dans le calcul : 50792.
0416295818/08/2022;04162958;18/08/2022;8058;IndiceShannonI2M2;0.8349;
0416295818/08/2022;04162958;18/08/2022;8057;AverageScorePerTaxonI2M2;0.9088;
0416295818/08/2022;04162958;18/08/2022;8056;PolyvoltinismeI2M2;0.7884;
0416295818/08/2022;04162958;18/08/2022;8055;OvovivipariteI2M2;0.7319;
0416295818/08/2022;04162958;18/08/2022;8054;RichesseI2M2;0.6122;
0416295818/08/2022;04162958;18/08/2022;7613;Ind Invert Multimetrique;0.7823;
0416295818/08/2022;04162958;18/08/2022;8050;NbTaxonsI2M2Contributifs;55;Les taxons suivants, representant 4% des taxons du prelevement, n'ont pas ete pris en compte dans le calcul : 50792, 50011.
0416350006/09/2022;04163500;06/09/2022;8058;IndiceShannonI2M2;0.8226;
0416350006/09/2022;04163500;06/09/2022;8057;AverageScorePerTaxonI2M2;0.44;
0416350006/09/2022;04163500;06/09/2022;8056;PolyvoltinismeI2M2;0.2496;
0416350006/09/2022;04163500;06/09/2022;8055;OvovivipariteI2M2;0.3107;
0416350006/09/2022;04163500;06/09/2022;8054;RichesseI2M2;0.7347;
0416350006/09/2022;04163500;06/09/2022;7613;Ind Invert Multimetrique;0.4797;
0416350006/09/2022;04163500;06/09/2022;8050;NbTaxonsI2M2Contributifs;59;Les taxons suivants, representant 6% des taxons du prelevement, n'ont pas ete pris en compte dans le calcul : 50792, 50011, 3127, 3206.
0416420031/05/2022;04164200;31/05/2022;8058;IndiceShannonI2M2;0.2383;
0416420031/05/2022;04164200;31/05/2022;8057;AverageScorePerTaxonI2M2;0;
0416420031/05/2022;04164200;31/05/2022;8056;PolyvoltinismeI2M2;0.0337;
0416420031/05/2022;04164200;31/05/2022;8055;OvovivipariteI2M2;0;
0416420031/05/2022;04164200;31/05/2022;8054;RichesseI2M2;0;
0416420031/05/2022;04164200;31/05/2022;7613;Ind Invert Multimetrique;0.0483;
0416420031/05/2022;04164200;31/05/2022;8050;NbTaxonsI2M2Contributifs;16;Les taxons suivants, representant 16% des taxons du prelevement, n'ont pas ete pris en compte dans le calcul : 3127, 3206, 3170.
0416475802/08/2022;04164758;02/08/2022;8058;IndiceShannonI2M2;0.8626;
0416475802/08/2022;04164758;02/08/2022;8057;AverageScorePerTaxonI2M2;0.7311;
0416475802/08/2022;04164758;02/08/2022;8056;PolyvoltinismeI2M2;0.8677;
0416475802/08/2022;04164758;02/08/2022;8055;OvovivipariteI2M2;0.8281;
0416475802/08/2022;04164758;02/08/2022;8054;RichesseI2M2;0.5714;
0416475802/08/2022;04164758;02/08/2022;7613;Ind Invert Multimetrique;0.7811;
0416475802/08/2022;04164758;02/08/2022;8050;NbTaxonsI2M2Contributifs;51;Les taxons suivants, representant 2% des taxons du prelevement, n'ont pas ete pris en compte dans le calcul : 50011.
0416485020/07/2022;04164850;20/07/2022;8058;IndiceShannonI2M2;0.8073;
0416485020/07/2022;04164850;20/07/2022;8057;AverageScorePerTaxonI2M2;0.7645;
0416485020/07/2022;04164850;20/07/2022;8056;PolyvoltinismeI2M2;0.6825;
0416485020/07/2022;04164850;20/07/2022;8055;OvovivipariteI2M2;0.5508;
0416485020/07/2022;04164850;20/07/2022;8054;RichesseI2M2;0.6122;
0416485020/07/2022;04164850;20/07/2022;7613;Ind Invert Multimetrique;0.6811;
0416485020/07/2022;04164850;20/07/2022;8050;NbTaxonsI2M2Contributifs;55;Les taxons suivants, representant 4% des taxons du prelevement, n'ont pas ete pris en compte dans le calcul : 50011, 3170.
0416522520/07/2022;04165225;20/07/2022;8058;IndiceShannonI2M2;0.5709;
0416522520/07/2022;04165225;20/07/2022;8057;AverageScorePerTaxonI2M2;0.476;
0416522520/07/2022;04165225;20/07/2022;8056;PolyvoltinismeI2M2;0.6587;
0416522520/07/2022;04165225;20/07/2022;8055;OvovivipariteI2M2;0.5258;
0416522520/07/2022;04165225;20/07/2022;8054;RichesseI2M2;0.4082;
0416522520/07/2022;04165225;20/07/2022;7613;Ind Invert Multimetrique;0.5339;
0416522520/07/2022;04165225;20/07/2022;8050;NbTaxonsI2M2Contributifs;42;Les taxons suivants, representant 2% des taxons du prelevement, n'ont pas ete pris en compte dans le calcul : 50011.
0416680020/07/2022;04166800;20/07/2022;8058;IndiceShannonI2M2;0.865;
0416680020/07/2022;04166800;20/07/2022;8057;AverageScorePerTaxonI2M2;0.3721;
0416680020/07/2022;04166800;20/07/2022;8056;PolyvoltinismeI2M2;0.3411;
0416680020/07/2022;04166800;20/07/2022;8055;OvovivipariteI2M2;0.5291;
0416680020/07/2022;04166800;20/07/2022;8054;RichesseI2M2;0.6327;
0416680020/07/2022;04166800;20/07/2022;7613;Ind Invert Multimetrique;0.5259;
0416680020/07/2022;04166800;20/07/2022;8050;NbTaxonsI2M2Contributifs;53;Les taxons suivants, representant 4% des taxons du prelevement, n'ont pas ete pris en compte dans le calcul : 50011, 3127.
0416775031/05/2022;04167750;31/05/2022;8058;IndiceShannonI2M2;0.2287;
0416775031/05/2022;04167750;31/05/2022;8057;AverageScorePerTaxonI2M2;0.44;
0416775031/05/2022;04167750;31/05/2022;8056;PolyvoltinismeI2M2;0;
0416775031/05/2022;04167750;31/05/2022;8055;OvovivipariteI2M2;0;
0416775031/05/2022;04167750;31/05/2022;8054;RichesseI2M2;0.1837;
0416775031/05/2022;04167750;31/05/2022;7613;Ind Invert Multimetrique;0.165;
0416775031/05/2022;04167750;31/05/2022;8050;NbTaxonsI2M2Contributifs;31;Les taxons suivants, representant 6% des taxons du prelevement, n'ont pas ete pris en compte dans le calcul : 50011, 3170.
0416781531/05/2022;04167815;31/05/2022;8058;IndiceShannonI2M2;0.793;
0416781531/05/2022;04167815;31/05/2022;8057;AverageScorePerTaxonI2M2;0.7946;
0416781531/05/2022;04167815;31/05/2022;8056;PolyvoltinismeI2M2;0.5537;
0416781531/05/2022;04167815;31/05/2022;8055;OvovivipariteI2M2;0.3673;
0416781531/05/2022;04167815;31/05/2022;8054;RichesseI2M2;0.551;
0416781531/05/2022;04167815;31/05/2022;7613;Ind Invert Multimetrique;0.6051;
0416781531/05/2022;04167815;31/05/2022;8050;NbTaxonsI2M2Contributifs;50;Les taxons suivants, representant 4% des taxons du prelevement, n'ont pas ete pris en compte dans le calcul : 50011, 3206.
0416814012/09/2022;04168140;12/09/2022;8058;IndiceShannonI2M2;0.6573;
0416814012/09/2022;04168140;12/09/2022;8057;AverageScorePerTaxonI2M2;0.5842;
0416814012/09/2022;04168140;12/09/2022;8056;PolyvoltinismeI2M2;0.269;
0416814012/09/2022;04168140;12/09/2022;8055;OvovivipariteI2M2;0.2465;
0416814012/09/2022;04168140;12/09/2022;8054;RichesseI2M2;0.449;
0416814012/09/2022;04168140;12/09/2022;7613;Ind Invert Multimetrique;0.4281;
0416814012/09/2022;04168140;12/09/2022;8050;NbTaxonsI2M2Contributifs;44;Les taxons suivants, representant 4% des taxons du prelevement, n'ont pas ete pris en compte dans le calcul : 50011, 3127.
0417145013/09/2022;04171450;13/09/2022;8058;IndiceShannonI2M2;0.7164;
0417145013/09/2022;04171450;13/09/2022;8057;AverageScorePerTaxonI2M2;0.6691;
0417145013/09/2022;04171450;13/09/2022;8056;PolyvoltinismeI2M2;0.8196;
0417145013/09/2022;04171450;13/09/2022;8055;OvovivipariteI2M2;0.6436;
0417145013/09/2022;04171450;13/09/2022;8054;RichesseI2M2;0.6735;
0417145013/09/2022;04171450;13/09/2022;7613;Ind Invert Multimetrique;0.706;
0417145013/09/2022;04171450;13/09/2022;8050;NbTaxonsI2M2Contributifs;59;Les taxons suivants, representant 2% des taxons du prelevement, n'ont pas ete pris en compte dans le calcul : 3127.
0417167012/09/2022;04171670;12/09/2022;8058;IndiceShannonI2M2;0.8584;
0417167012/09/2022;04171670;12/09/2022;8057;AverageScorePerTaxonI2M2;0.912;
0417167012/09/2022;04171670;12/09/2022;8056;PolyvoltinismeI2M2;0.922;
0417167012/09/2022;04171670;12/09/2022;8055;OvovivipariteI2M2;0.8015;
0417167012/09/2022;04171670;12/09/2022;8054;RichesseI2M2;0.7959;
0417167012/09/2022;04171670;12/09/2022;7613;Ind Invert Multimetrique;0.8618;
0417167012/09/2022;04171670;12/09/2022;8050;NbTaxonsI2M2Contributifs;65;Les taxons suivants, representant 6% des taxons du prelevement, n'ont pas ete pris en compte dans le calcul : 49953, 50011, 3206, 3170.
0417203013/09/2022;04172030;13/09/2022;8058;IndiceShannonI2M2;0.5456;
0417203013/09/2022;04172030;13/09/2022;8057;AverageScorePerTaxonI2M2;0.8302;
0417203013/09/2022;04172030;13/09/2022;8056;PolyvoltinismeI2M2;0.6559;
0417203013/09/2022;04172030;13/09/2022;8055;OvovivipariteI2M2;0.6028;
0417203013/09/2022;04172030;13/09/2022;8054;RichesseI2M2;0.5197;
0417203013/09/2022;04172030;13/09/2022;7613;Ind Invert Multimetrique;0.642;
0417203013/09/2022;04172030;13/09/2022;8050;NbTaxonsI2M2Contributifs;51;Les taxons suivants, representant 2% des taxons du prelevement, n'ont pas ete pris en compte dans le calcul : 3170.
0417206013/09/2022;04172060;13/09/2022;8058;IndiceShannonI2M2;0.5665;
0417206013/09/2022;04172060;13/09/2022;8057;AverageScorePerTaxonI2M2;0.8235;
0417206013/09/2022;04172060;13/09/2022;8056;PolyvoltinismeI2M2;0.5427;
0417206013/09/2022;04172060;13/09/2022;8055;OvovivipariteI2M2;0.5649;
0417206013/09/2022;04172060;13/09/2022;8054;RichesseI2M2;0.462;
0417206013/09/2022;04172060;13/09/2022;7613;Ind Invert Multimetrique;0.6009;
0417206013/09/2022;04172060;13/09/2022;8050;NbTaxonsI2M2Contributifs;47;Les taxons suivants, representant 4% des taxons du prelevement, n'ont pas ete pris en compte dans le calcul : 3127, 3170.
0417257014/09/2022;04172570;14/09/2022;8058;IndiceShannonI2M2;0.3055;
0417257014/09/2022;04172570;14/09/2022;8057;AverageScorePerTaxonI2M2;0.5966;
0417257014/09/2022;04172570;14/09/2022;8056;PolyvoltinismeI2M2;0.8143;
0417257014/09/2022;04172570;14/09/2022;8055;OvovivipariteI2M2;0.5721;
0417257014/09/2022;04172570;14/09/2022;8054;RichesseI2M2;0.5918;
0417257014/09/2022;04172570;14/09/2022;7613;Ind Invert Multimetrique;0.5896;
0417257014/09/2022;04172570;14/09/2022;8050;NbTaxonsI2M2Contributifs;54;Les taxons suivants, representant 4% des taxons du prelevement, n'ont pas ete pris en compte dans le calcul : 49953, 50792.
0417308314/09/2022;04173083;14/09/2022;8058;IndiceShannonI2M2;0.8446;
0417308314/09/2022;04173083;14/09/2022;8057;AverageScorePerTaxonI2M2;0.8113;
0417308314/09/2022;04173083;14/09/2022;8056;PolyvoltinismeI2M2;0.8844;
0417308314/09/2022;04173083;14/09/2022;8055;OvovivipariteI2M2;0.7229;
0417308314/09/2022;04173083;14/09/2022;8054;RichesseI2M2;0.5714;
0417308314/09/2022;04173083;14/09/2022;7613;Ind Invert Multimetrique;0.7757;
0417308314/09/2022;04173083;14/09/2022;8050;NbTaxonsI2M2Contributifs;51;Les taxons suivants, representant 2% des taxons du prelevement, n'ont pas ete pris en compte dans le calcul : 50011.
0417310014/09/2022;04173100;14/09/2022;8058;IndiceShannonI2M2;0.8788;
0417310014/09/2022;04173100;14/09/2022;8057;AverageScorePerTaxonI2M2;0.816;
0417310014/09/2022;04173100;14/09/2022;8056;PolyvoltinismeI2M2;0.9245;
0417310014/09/2022;04173100;14/09/2022;8055;OvovivipariteI2M2;0.7299;
0417310014/09/2022;04173100;14/09/2022;8054;RichesseI2M2;0.8367;
0417310014/09/2022;04173100;14/09/2022;7613;Ind Invert Multimetrique;0.835;
0417310014/09/2022;04173100;14/09/2022;8050;NbTaxonsI2M2Contributifs;65;Les taxons suivants, representant 4% des taxons du prelevement, n'ont pas ete pris en compte dans le calcul : 49953, 50011, 3170.
0417340501/06/2022;04173405;01/06/2022;8058;IndiceShannonI2M2;0.6081;
0417340501/06/2022;04173405;01/06/2022;8057;AverageScorePerTaxonI2M2;0.6674;
0417340501/06/2022;04173405;01/06/2022;8056;PolyvoltinismeI2M2;0.5807;
0417340501/06/2022;04173405;01/06/2022;8055;OvovivipariteI2M2;0.3968;
0417340501/06/2022;04173405;01/06/2022;8054;RichesseI2M2;0.4694;
0417340501/06/2022;04173405;01/06/2022;7613;Ind Invert Multimetrique;0.5454;
0417340501/06/2022;04173405;01/06/2022;8050;NbTaxonsI2M2Contributifs;48;Les taxons suivants, representant 2% des taxons du prelevement, n'ont pas ete pris en compte dans le calcul : 3206.
0417373715/09/2022;04173737;15/09/2022;8058;IndiceShannonI2M2;0.769;
0417373715/09/2022;04173737;15/09/2022;8057;AverageScorePerTaxonI2M2;0.7903;
0417373715/09/2022;04173737;15/09/2022;8056;PolyvoltinismeI2M2;0.695;
0417373715/09/2022;04173737;15/09/2022;8055;OvovivipariteI2M2;0.5344;
0417373715/09/2022;04173737;15/09/2022;8054;RichesseI2M2;0.5714;
0417373715/09/2022;04173737;15/09/2022;7613;Ind Invert Multimetrique;0.6729;
0417373715/09/2022;04173737;15/09/2022;8050;NbTaxonsI2M2Contributifs;50;Les taxons suivants, representant 4% des taxons du prelevement, n'ont pas ete pris en compte dans le calcul : 49953, 50011.
0417425015/09/2022;04174250;15/09/2022;8058;IndiceShannonI2M2;0.4983;
0417425015/09/2022;04174250;15/09/2022;8057;AverageScorePerTaxonI2M2;0.3037;
0417425015/09/2022;04174250;15/09/2022;8056;PolyvoltinismeI2M2;0.4341;
0417425015/09/2022;04174250;15/09/2022;8055;OvovivipariteI2M2;0.2765;
0417425015/09/2022;04174250;15/09/2022;8054;RichesseI2M2;0.5714;
0417425015/09/2022;04174250;15/09/2022;7613;Ind Invert Multimetrique;0.4024;
0417425015/09/2022;04174250;15/09/2022;8050;NbTaxonsI2M2Contributifs;53;Les taxons suivants, representant 7% des taxons du prelevement, n'ont pas ete pris en compte dans le calcul : 50792, 3127, 3206, 3170.
0417452016/09/2022;04174520;16/09/2022;8058;IndiceShannonI2M2;0.3111;
0417452016/09/2022;04174520;16/09/2022;8057;AverageScorePerTaxonI2M2;0.5971;
0417452016/09/2022;04174520;16/09/2022;8056;PolyvoltinismeI2M2;0.5943;
0417452016/09/2022;04174520;16/09/2022;8055;OvovivipariteI2M2;0.3559;
0417452016/09/2022;04174520;16/09/2022;8054;RichesseI2M2;0.4898;
0417452016/09/2022;04174520;16/09/2022;7613;Ind Invert Multimetrique;0.4762;
0417452016/09/2022;04174520;16/09/2022;8050;NbTaxonsI2M2Contributifs;48;Les taxons suivants, representant 6% des taxons du prelevement, n'ont pas ete pris en compte dans le calcul : 49953, 50011, 3170.
0417466015/09/2022;04174660;15/09/2022;8058;IndiceShannonI2M2;0.7701;
0417466015/09/2022;04174660;15/09/2022;8057;AverageScorePerTaxonI2M2;0.6266;
0417466015/09/2022;04174660;15/09/2022;8056;PolyvoltinismeI2M2;0.6574;
0417466015/09/2022;04174660;15/09/2022;8055;OvovivipariteI2M2;0.6393;
0417466015/09/2022;04174660;15/09/2022;8054;RichesseI2M2;0.7347;
0417466015/09/2022;04174660;15/09/2022;7613;Ind Invert Multimetrique;0.678;
0417466015/09/2022;04174660;15/09/2022;8050;NbTaxonsI2M2Contributifs;60;Les taxons suivants, representant 5% des taxons du prelevement, n'ont pas ete pris en compte dans le calcul : 49953, 50011, 3170.
0417545008/08/2022;04175450;08/08/2022;8058;IndiceShannonI2M2;0.3042;
0417545008/08/2022;04175450;08/08/2022;8057;AverageScorePerTaxonI2M2;0.6563;
0417545008/08/2022;04175450;08/08/2022;8056;PolyvoltinismeI2M2;0.5699;
0417545008/08/2022;04175450;08/08/2022;8055;OvovivipariteI2M2;0.5988;
0417545008/08/2022;04175450;08/08/2022;8054;RichesseI2M2;0.4694;
0417545008/08/2022;04175450;08/08/2022;7613;Ind Invert Multimetrique;0.5342;
0417545008/08/2022;04175450;08/08/2022;8050;NbTaxonsI2M2Contributifs;47;Les taxons suivants, representant 4% des taxons du prelevement, n'ont pas ete pris en compte dans le calcul : 50011, 3170.
0417550008/08/2022;04175500;08/08/2022;8058;IndiceShannonI2M2;0.5394;
0417550008/08/2022;04175500;08/08/2022;8057;AverageScorePerTaxonI2M2;0.8282;
0417550008/08/2022;04175500;08/08/2022;8056;PolyvoltinismeI2M2;0.6372;
0417550008/08/2022;04175500;08/08/2022;8055;OvovivipariteI2M2;0.619;
0417550008/08/2022;04175500;08/08/2022;8054;RichesseI2M2;0.5714;
0417550008/08/2022;04175500;08/08/2022;7613;Ind Invert Multimetrique;0.6481;
0417550008/08/2022;04175500;08/08/2022;8050;NbTaxonsI2M2Contributifs;51;Les taxons suivants, representant 4% des taxons du prelevement, n'ont pas ete pris en compte dans le calcul : 50792, 50011.
0417732001/06/2022;04177320;01/06/2022;8058;IndiceShannonI2M2;0.4059;
0417732001/06/2022;04177320;01/06/2022;8057;AverageScorePerTaxonI2M2;1;
0417732001/06/2022;04177320;01/06/2022;8056;PolyvoltinismeI2M2;0.8165;
0417732001/06/2022;04177320;01/06/2022;8055;OvovivipariteI2M2;0.964;
0417732001/06/2022;04177320;01/06/2022;8054;RichesseI2M2;0.2653;
0417732001/06/2022;04177320;01/06/2022;7613;Ind Invert Multimetrique;0.7332;
0417732001/06/2022;04177320;01/06/2022;8050;NbTaxonsI2M2Contributifs;38;Les taxons suivants, representant 7% des taxons du prelevement, n'ont pas ete pris en compte dans le calcul : 50011, 3206, 3170.
0417800009/08/2022;04178000;09/08/2022;8058;IndiceShannonI2M2;0.231;
0417800009/08/2022;04178000;09/08/2022;8057;AverageScorePerTaxonI2M2;0.541;
0417800009/08/2022;04178000;09/08/2022;8056;PolyvoltinismeI2M2;0.6034;
0417800009/08/2022;04178000;09/08/2022;8055;OvovivipariteI2M2;0.6135;
0417800009/08/2022;04178000;09/08/2022;8054;RichesseI2M2;0.4427;
0417800009/08/2022;04178000;09/08/2022;7613;Ind Invert Multimetrique;0.503;
0417800009/08/2022;04178000;09/08/2022;8050;NbTaxonsI2M2Contributifs;47;Les taxons suivants, representant 4% des taxons du prelevement, n'ont pas ete pris en compte dans le calcul : 49953, 50011.
0417810309/08/2022;04178103;09/08/2022;8058;IndiceShannonI2M2;0.7486;
0417810309/08/2022;04178103;09/08/2022;8057;AverageScorePerTaxonI2M2;0.7445;
0417810309/08/2022;04178103;09/08/2022;8056;PolyvoltinismeI2M2;0.846;
0417810309/08/2022;04178103;09/08/2022;8055;OvovivipariteI2M2;0.7116;
0417810309/08/2022;04178103;09/08/2022;8054;RichesseI2M2;0.6327;
0417810309/08/2022;04178103;09/08/2022;7613;Ind Invert Multimetrique;0.743;
0417810309/08/2022;04178103;09/08/2022;8050;NbTaxonsI2M2Contributifs;55;Les taxons suivants, representant 5% des taxons du prelevement, n'ont pas ete pris en compte dans le calcul : 49953, 50011, 3170.
0417845512/08/2022;04178455;12/08/2022;8058;IndiceShannonI2M2;0.7718;
0417845512/08/2022;04178455;12/08/2022;8057;AverageScorePerTaxonI2M2;0.8349;
0417845512/08/2022;04178455;12/08/2022;8056;PolyvoltinismeI2M2;1;
0417845512/08/2022;04178455;12/08/2022;8055;OvovivipariteI2M2;1;
0417845512/08/2022;04178455;12/08/2022;8054;RichesseI2M2;0.77;
0417845512/08/2022;04178455;12/08/2022;7613;Ind Invert Multimetrique;0.8884;
0417845512/08/2022;04178455;12/08/2022;8050;NbTaxonsI2M2Contributifs;66;
0417849012/08/2022;04178490;12/08/2022;8058;IndiceShannonI2M2;0.6091;
0417849012/08/2022;04178490;12/08/2022;8057;AverageScorePerTaxonI2M2;0.7229;
0417849012/08/2022;04178490;12/08/2022;8056;PolyvoltinismeI2M2;0.8637;
0417849012/08/2022;04178490;12/08/2022;8055;OvovivipariteI2M2;0.7764;
0417849012/08/2022;04178490;12/08/2022;8054;RichesseI2M2;0.551;
0417849012/08/2022;04178490;12/08/2022;7613;Ind Invert Multimetrique;0.7202;
0417849012/08/2022;04178490;12/08/2022;8050;NbTaxonsI2M2Contributifs;52;
0417865011/08/2022;04178650;11/08/2022;8058;IndiceShannonI2M2;0.5695;
0417865011/08/2022;04178650;11/08/2022;8057;AverageScorePerTaxonI2M2;0.7766;
0417865011/08/2022;04178650;11/08/2022;8056;PolyvoltinismeI2M2;0.5525;
0417865011/08/2022;04178650;11/08/2022;8055;OvovivipariteI2M2;0.5242;
0417865011/08/2022;04178650;11/08/2022;8054;RichesseI2M2;0.4427;
0417865011/08/2022;04178650;11/08/2022;7613;Ind Invert Multimetrique;0.5811;
0417865011/08/2022;04178650;11/08/2022;8050;NbTaxonsI2M2Contributifs;46;
0417900011/08/2022;04179000;11/08/2022;8058;IndiceShannonI2M2;0.7653;
0417900011/08/2022;04179000;11/08/2022;8057;AverageScorePerTaxonI2M2;0.8006;
0417900011/08/2022;04179000;11/08/2022;8056;PolyvoltinismeI2M2;0.5864;
0417900011/08/2022;04179000;11/08/2022;8055;OvovivipariteI2M2;0.594;
0417900011/08/2022;04179000;11/08/2022;8054;RichesseI2M2;0.5714;
0417900011/08/2022;04179000;11/08/2022;7613;Ind Invert Multimetrique;0.6635;
0417900011/08/2022;04179000;11/08/2022;8050;NbTaxonsI2M2Contributifs;52;Les taxons suivants, representant 2% des taxons du prelevement, n'ont pas ete pris en compte dans le calcul : 50011.
0417956511/08/2022;04179565;11/08/2022;8058;IndiceShannonI2M2;0.683;
0417956511/08/2022;04179565;11/08/2022;8057;AverageScorePerTaxonI2M2;0.7471;
0417956511/08/2022;04179565;11/08/2022;8056;PolyvoltinismeI2M2;0.8676;
0417956511/08/2022;04179565;11/08/2022;8055;OvovivipariteI2M2;0.756;
0417956511/08/2022;04179565;11/08/2022;8054;RichesseI2M2;0.6735;
0417956511/08/2022;04179565;11/08/2022;7613;Ind Invert Multimetrique;0.7537;
0417956511/08/2022;04179565;11/08/2022;8050;NbTaxonsI2M2Contributifs;58;Les taxons suivants, representant 3% des taxons du prelevement, n'ont pas ete pris en compte dans le calcul : 49953, 50011.
0417969010/08/2022;04179690;10/08/2022;8058;IndiceShannonI2M2;0.8501;
0417969010/08/2022;04179690;10/08/2022;8057;AverageScorePerTaxonI2M2;0.7178;
0417969010/08/2022;04179690;10/08/2022;8056;PolyvoltinismeI2M2;0.6894;
0417969010/08/2022;04179690;10/08/2022;8055;OvovivipariteI2M2;0.6876;
0417969010/08/2022;04179690;10/08/2022;8054;RichesseI2M2;0.6531;
0417969010/08/2022;04179690;10/08/2022;7613;Ind Invert Multimetrique;0.717;
0417969010/08/2022;04179690;10/08/2022;8050;NbTaxonsI2M2Contributifs;55;Les taxons suivants, representant 4% des taxons du prelevement, n'ont pas ete pris en compte dans le calcul : 50011, 3170.
0418090010/08/2022;04180900;10/08/2022;8058;IndiceShannonI2M2;0.6448;
0418090010/08/2022;04180900;10/08/2022;8057;AverageScorePerTaxonI2M2;0.7263;
0418090010/08/2022;04180900;10/08/2022;8056;PolyvoltinismeI2M2;0.8629;
0418090010/08/2022;04180900;10/08/2022;8055;OvovivipariteI2M2;0.6623;
0418090010/08/2022;04180900;10/08/2022;8054;RichesseI2M2;0.5714;
0418090010/08/2022;04180900;10/08/2022;7613;Ind Invert Multimetrique;0.7043;
0418090010/08/2022;04180900;10/08/2022;8050;NbTaxonsI2M2Contributifs;51;Les taxons suivants, representant 6% des taxons du prelevement, n'ont pas ete pris en compte dans le calcul : 49953, 50011, 3170.
0418196024/08/2022;04181960;24/08/2022;8058;IndiceShannonI2M2;0.5602;
0418196024/08/2022;04181960;24/08/2022;8057;AverageScorePerTaxonI2M2;0.7969;
0418196024/08/2022;04181960;24/08/2022;8056;PolyvoltinismeI2M2;0.8437;
0418196024/08/2022;04181960;24/08/2022;8055;OvovivipariteI2M2;0.7746;
0418196024/08/2022;04181960;24/08/2022;8054;RichesseI2M2;0.9184;
0418196024/08/2022;04181960;24/08/2022;7613;Ind Invert Multimetrique;0.7811;
0418196024/08/2022;04181960;24/08/2022;8050;NbTaxonsI2M2Contributifs;73;Les taxons suivants, representant 4% des taxons du prelevement, n'ont pas ete pris en compte dans le calcul : 49953, 50011, 3170.
0418200010/08/2022;04182000;10/08/2022;8058;IndiceShannonI2M2;0.6228;
0418200010/08/2022;04182000;10/08/2022;8057;AverageScorePerTaxonI2M2;0.8727;
0418200010/08/2022;04182000;10/08/2022;8056;PolyvoltinismeI2M2;0.9506;
0418200010/08/2022;04182000;10/08/2022;8055;OvovivipariteI2M2;0.9244;
0418200010/08/2022;04182000;10/08/2022;8054;RichesseI2M2;0.4694;
0418200010/08/2022;04182000;10/08/2022;7613;Ind Invert Multimetrique;0.7957;
0418200010/08/2022;04182000;10/08/2022;8050;NbTaxonsI2M2Contributifs;48;
0418419502/06/2022;04184195;02/06/2022;8058;IndiceShannonI2M2;0.7958;
0418419502/06/2022;04184195;02/06/2022;8057;AverageScorePerTaxonI2M2;0.8574;
0418419502/06/2022;04184195;02/06/2022;8056;PolyvoltinismeI2M2;0.9135;
0418419502/06/2022;04184195;02/06/2022;8055;OvovivipariteI2M2;0.8013;
0418419502/06/2022;04184195;02/06/2022;8054;RichesseI2M2;0.7347;
0418419502/06/2022;04184195;02/06/2022;7613;Ind Invert Multimetrique;0.8275;
0418419502/06/2022;04184195;02/06/2022;8050;NbTaxonsI2M2Contributifs;62;Les taxons suivants, representant 5% des taxons du prelevement, n'ont pas ete pris en compte dans le calcul : 50011, 3206, 3170.
0418483025/08/2022;04184830;25/08/2022;8058;IndiceShannonI2M2;0.8204;
0418483025/08/2022;04184830;25/08/2022;8057;AverageScorePerTaxonI2M2;0.9024;
0418483025/08/2022;04184830;25/08/2022;8056;PolyvoltinismeI2M2;0.8064;
0418483025/08/2022;04184830;25/08/2022;8055;OvovivipariteI2M2;0.702;
0418483025/08/2022;04184830;25/08/2022;8054;RichesseI2M2;0.7551;
0418483025/08/2022;04184830;25/08/2022;7613;Ind Invert Multimetrique;0.7983;
0418483025/08/2022;04184830;25/08/2022;8050;NbTaxonsI2M2Contributifs;59;Les taxons suivants, representant 3% des taxons du prelevement, n'ont pas ete pris en compte dans le calcul : 49953, 50011.
0418495025/08/2022;04184950;25/08/2022;8058;IndiceShannonI2M2;0.2984;
0418495025/08/2022;04184950;25/08/2022;8057;AverageScorePerTaxonI2M2;0.7632;
0418495025/08/2022;04184950;25/08/2022;8056;PolyvoltinismeI2M2;0.8375;
0418495025/08/2022;04184950;25/08/2022;8055;OvovivipariteI2M2;0.5953;
0418495025/08/2022;04184950;25/08/2022;8054;RichesseI2M2;0.5005;
0418495025/08/2022;04184950;25/08/2022;7613;Ind Invert Multimetrique;0.6212;
0418495025/08/2022;04184950;25/08/2022;8050;NbTaxonsI2M2Contributifs;51;Les taxons suivants, representant 4% des taxons du prelevement, n'ont pas ete pris en compte dans le calcul : 50011, 3170.
0418670025/08/2022;04186700;25/08/2022;8058;IndiceShannonI2M2;0.9423;
0418670025/08/2022;04186700;25/08/2022;8057;AverageScorePerTaxonI2M2;0.7857;
0418670025/08/2022;04186700;25/08/2022;8056;PolyvoltinismeI2M2;0.8273;
0418670025/08/2022;04186700;25/08/2022;8055;OvovivipariteI2M2;0.6315;
0418670025/08/2022;04186700;25/08/2022;8054;RichesseI2M2;0.8163;
0418670025/08/2022;04186700;25/08/2022;7613;Ind Invert Multimetrique;0.7918;
0418670025/08/2022;04186700;25/08/2022;8050;NbTaxonsI2M2Contributifs;65;Les taxons suivants, representant 2% des taxons du prelevement, n'ont pas ete pris en compte dans le calcul : 3170.
0418750023/08/2022;04187500;23/08/2022;8058;IndiceShannonI2M2;0.8843;
0418750023/08/2022;04187500;23/08/2022;8057;AverageScorePerTaxonI2M2;0.8683;
0418750023/08/2022;04187500;23/08/2022;8056;PolyvoltinismeI2M2;1;
0418750023/08/2022;04187500;23/08/2022;8055;OvovivipariteI2M2;1;
0418750023/08/2022;04187500;23/08/2022;8054;RichesseI2M2;0.7551;
0418750023/08/2022;04187500;23/08/2022;7613;Ind Invert Multimetrique;0.9126;
0418750023/08/2022;04187500;23/08/2022;8050;NbTaxonsI2M2Contributifs;65;Les taxons suivants, representant 3% des taxons du prelevement, n'ont pas ete pris en compte dans le calcul : 49953, 50792.
0418752523/08/2022;04187525;23/08/2022;8058;IndiceShannonI2M2;0.5797;
0418752523/08/2022;04187525;23/08/2022;8057;AverageScorePerTaxonI2M2;0.7695;
0418752523/08/2022;04187525;23/08/2022;8056;PolyvoltinismeI2M2;0.9786;
0418752523/08/2022;04187525;23/08/2022;8055;OvovivipariteI2M2;0.7698;
0418752523/08/2022;04187525;23/08/2022;8054;RichesseI2M2;0.8085;
0418752523/08/2022;04187525;23/08/2022;7613;Ind Invert Multimetrique;0.7904;
0418752523/08/2022;04187525;23/08/2022;8050;NbTaxonsI2M2Contributifs;67;Les taxons suivants, representant 3% des taxons du prelevement, n'ont pas ete pris en compte dans le calcul : 49953, 3206.
0418760024/08/2022;04187600;24/08/2022;8058;IndiceShannonI2M2;0.9281;
0418760024/08/2022;04187600;24/08/2022;8057;AverageScorePerTaxonI2M2;0.9681;
0418760024/08/2022;04187600;24/08/2022;8056;PolyvoltinismeI2M2;1;
0418760024/08/2022;04187600;24/08/2022;8055;OvovivipariteI2M2;1;
0418760024/08/2022;04187600;24/08/2022;8054;RichesseI2M2;0.6531;
0418760024/08/2022;04187600;24/08/2022;7613;Ind Invert Multimetrique;0.926;
0418760024/08/2022;04187600;24/08/2022;8050;NbTaxonsI2M2Contributifs;58;Les taxons suivants, representant 3% des taxons du prelevement, n'ont pas ete pris en compte dans le calcul : 49953, 50011.
0418771024/08/2022;04187710;24/08/2022;8058;IndiceShannonI2M2;0.6302;
0418771024/08/2022;04187710;24/08/2022;8057;AverageScorePerTaxonI2M2;0.93;
0418771024/08/2022;04187710;24/08/2022;8056;PolyvoltinismeI2M2;0.8629;
0418771024/08/2022;04187710;24/08/2022;8055;OvovivipariteI2M2;0.8521;
0418771024/08/2022;04187710;24/08/2022;8054;RichesseI2M2;0.539;
0418771024/08/2022;04187710;24/08/2022;7613;Ind Invert Multimetrique;0.7844;
0418771024/08/2022;04187710;24/08/2022;8050;NbTaxonsI2M2Contributifs;52;
0418800026/08/2022;04188000;26/08/2022;8058;IndiceShannonI2M2;0.7334;
0418800026/08/2022;04188000;26/08/2022;8057;AverageScorePerTaxonI2M2;0.7468;
0418800026/08/2022;04188000;26/08/2022;8056;PolyvoltinismeI2M2;1;
0418800026/08/2022;04188000;26/08/2022;8055;OvovivipariteI2M2;0.7738;
0418800026/08/2022;04188000;26/08/2022;8054;RichesseI2M2;1;
0418800026/08/2022;04188000;26/08/2022;7613;Ind Invert Multimetrique;0.8475;
0418800026/08/2022;04188000;26/08/2022;8050;NbTaxonsI2M2Contributifs;70;Les taxons suivants, representant 1% des taxons du prelevement, n'ont pas ete pris en compte dans le calcul : 3206.
0419000026/08/2022;04190000;26/08/2022;8058;IndiceShannonI2M2;0.8247;
0419000026/08/2022;04190000;26/08/2022;8057;AverageScorePerTaxonI2M2;0.9117;
0419000026/08/2022;04190000;26/08/2022;8056;PolyvoltinismeI2M2;0.8991;
0419000026/08/2022;04190000;26/08/2022;8055;OvovivipariteI2M2;0.7794;
0419000026/08/2022;04190000;26/08/2022;8054;RichesseI2M2;0.693;
0419000026/08/2022;04190000;26/08/2022;7613;Ind Invert Multimetrique;0.8296;
0419000026/08/2022;04190000;26/08/2022;8050;NbTaxonsI2M2Contributifs;60;Les taxons suivants, representant 2% des taxons du prelevement, n'ont pas ete pris en compte dans le calcul : 3206.
0419065012/09/2022;04190650;12/09/2022;8058;IndiceShannonI2M2;0.8493;
0419065012/09/2022;04190650;12/09/2022;8057;AverageScorePerTaxonI2M2;0.7354;
0419065012/09/2022;04190650;12/09/2022;8056;PolyvoltinismeI2M2;0.8434;
0419065012/09/2022;04190650;12/09/2022;8055;OvovivipariteI2M2;0.7942;
0419065012/09/2022;04190650;12/09/2022;8054;RichesseI2M2;0.6735;
0419065012/09/2022;04190650;12/09/2022;7613;Ind Invert Multimetrique;0.7827;
0419065012/09/2022;04190650;12/09/2022;8050;NbTaxonsI2M2Contributifs;57;Les taxons suivants, representant 5% des taxons du prelevement, n'ont pas ete pris en compte dans le calcul : 49953, 50011, 3170.
0419085222/08/2022;04190852;22/08/2022;8058;IndiceShannonI2M2;0.7514;
0419085222/08/2022;04190852;22/08/2022;8057;AverageScorePerTaxonI2M2;0.694;
0419085222/08/2022;04190852;22/08/2022;8056;PolyvoltinismeI2M2;1;
0419085222/08/2022;04190852;22/08/2022;8055;OvovivipariteI2M2;0.7816;
0419085222/08/2022;04190852;22/08/2022;8054;RichesseI2M2;0.3673;
0419085222/08/2022;04190852;22/08/2022;7613;Ind Invert Multimetrique;0.741;
0419085222/08/2022;04190852;22/08/2022;8050;NbTaxonsI2M2Contributifs;43;
0419283026/08/2022;04192830;26/08/2022;8058;IndiceShannonI2M2;0.6005;
0419283026/08/2022;04192830;26/08/2022;8057;AverageScorePerTaxonI2M2;0.5174;
0419283026/08/2022;04192830;26/08/2022;8056;PolyvoltinismeI2M2;0.7045;
0419283026/08/2022;04192830;26/08/2022;8055;OvovivipariteI2M2;0.5693;
0419283026/08/2022;04192830;26/08/2022;8054;RichesseI2M2;0.5714;
0419283026/08/2022;04192830;26/08/2022;7613;Ind Invert Multimetrique;0.594;
0419283026/08/2022;04192830;26/08/2022;8050;NbTaxonsI2M2Contributifs;51;Les taxons suivants, representant 4% des taxons du prelevement, n'ont pas ete pris en compte dans le calcul : 50792, 50011.
0419295025/08/2022;04192950;25/08/2022;8058;IndiceShannonI2M2;0.7361;
0419295025/08/2022;04192950;25/08/2022;8057;AverageScorePerTaxonI2M2;0.9099;
0419295025/08/2022;04192950;25/08/2022;8056;PolyvoltinismeI2M2;0.8654;
0419295025/08/2022;04192950;25/08/2022;8055;OvovivipariteI2M2;0.6627;
0419295025/08/2022;04192950;25/08/2022;8054;RichesseI2M2;0.6122;
0419295025/08/2022;04192950;25/08/2022;7613;Ind Invert Multimetrique;0.7674;
0419295025/08/2022;04192950;25/08/2022;8050;NbTaxonsI2M2Contributifs;58;Les taxons suivants, representant 3% des taxons du prelevement, n'ont pas ete pris en compte dans le calcul : 49953, 50011.
0419450025/08/2022;04194500;25/08/2022;8058;IndiceShannonI2M2;0.7102;
0419450025/08/2022;04194500;25/08/2022;8057;AverageScorePerTaxonI2M2;0.6042;
0419450025/08/2022;04194500;25/08/2022;8056;PolyvoltinismeI2M2;0.7903;
0419450025/08/2022;04194500;25/08/2022;8055;OvovivipariteI2M2;0.6223;
0419450025/08/2022;04194500;25/08/2022;8054;RichesseI2M2;0.8776;
0419450025/08/2022;04194500;25/08/2022;7613;Ind Invert Multimetrique;0.7114;
0419450025/08/2022;04194500;25/08/2022;8050;NbTaxonsI2M2Contributifs;66;Les taxons suivants, representant 4% des taxons du prelevement, n'ont pas ete pris en compte dans le calcul : 50792, 50011, 3170.
0419500025/08/2022;04195000;25/08/2022;8058;IndiceShannonI2M2;0.9521;
0419500025/08/2022;04195000;25/08/2022;8057;AverageScorePerTaxonI2M2;0.9063;
0419500025/08/2022;04195000;25/08/2022;8056;PolyvoltinismeI2M2;0.7412;
0419500025/08/2022;04195000;25/08/2022;8055;OvovivipariteI2M2;0.7967;
0419500025/08/2022;04195000;25/08/2022;8054;RichesseI2M2;0.9404;
0419500025/08/2022;04195000;25/08/2022;7613;Ind Invert Multimetrique;0.8576;
0419500025/08/2022;04195000;25/08/2022;8050;NbTaxonsI2M2Contributifs;55;Les taxons suivants, representant 8% des taxons du prelevement, n'ont pas ete pris en compte dans le calcul : 50792, 50011, 3127, 3206, 3170.
0419540022/08/2022;04195400;22/08/2022;8058;IndiceShannonI2M2;0.6117;
0419540022/08/2022;04195400;22/08/2022;8057;AverageScorePerTaxonI2M2;0.6777;
0419540022/08/2022;04195400;22/08/2022;8056;PolyvoltinismeI2M2;0.6886;
0419540022/08/2022;04195400;22/08/2022;8055;OvovivipariteI2M2;0.3992;
0419540022/08/2022;04195400;22/08/2022;8054;RichesseI2M2;0.5306;
0419540022/08/2022;04195400;22/08/2022;7613;Ind Invert Multimetrique;0.5828;
0419540022/08/2022;04195400;22/08/2022;8050;NbTaxonsI2M2Contributifs;49;Les taxons suivants, representant 2% des taxons du prelevement, n'ont pas ete pris en compte dans le calcul : 50011.
0419595021/07/2022;04195950;21/07/2022;8058;IndiceShannonI2M2;0.0678;
0419595021/07/2022;04195950;21/07/2022;8057;AverageScorePerTaxonI2M2;0.501;
0419595021/07/2022;04195950;21/07/2022;8056;PolyvoltinismeI2M2;0.5172;
0419595021/07/2022;04195950;21/07/2022;8055;OvovivipariteI2M2;0.4119;
0419595021/07/2022;04195950;21/07/2022;8054;RichesseI2M2;0.3265;
0419595021/07/2022;04195950;21/07/2022;7613;Ind Invert Multimetrique;0.383;
0419595021/07/2022;04195950;21/07/2022;8050;NbTaxonsI2M2Contributifs;39;Les taxons suivants, representant 2% des taxons du prelevement, n'ont pas ete pris en compte dans le calcul : 50011.
0419600821/07/2022;04196008;21/07/2022;8058;IndiceShannonI2M2;0.9597;
0419600821/07/2022;04196008;21/07/2022;8057;AverageScorePerTaxonI2M2;0.5416;
0419600821/07/2022;04196008;21/07/2022;8056;PolyvoltinismeI2M2;0.8294;
0419600821/07/2022;04196008;21/07/2022;8055;OvovivipariteI2M2;0.3923;
0419600821/07/2022;04196008;21/07/2022;8054;RichesseI2M2;0.5981;
0419600821/07/2022;04196008;21/07/2022;7613;Ind Invert Multimetrique;0.653;
0419600821/07/2022;04196008;21/07/2022;8050;NbTaxonsI2M2Contributifs;48;Les taxons suivants, representant 4% des taxons du prelevement, n'ont pas ete pris en compte dans le calcul : 50792, 50011.
0419609501/06/2022;04196095;01/06/2022;8058;IndiceShannonI2M2;0.6458;
0419609501/06/2022;04196095;01/06/2022;8057;AverageScorePerTaxonI2M2;0.8246;
0419609501/06/2022;04196095;01/06/2022;8056;PolyvoltinismeI2M2;0.5424;
0419609501/06/2022;04196095;01/06/2022;8055;OvovivipariteI2M2;0.5514;
0419609501/06/2022;04196095;01/06/2022;8054;RichesseI2M2;0.8367;
0419609501/06/2022;04196095;01/06/2022;7613;Ind Invert Multimetrique;0.6707;
0419609501/06/2022;04196095;01/06/2022;8050;NbTaxonsI2M2Contributifs;68;Les taxons suivants, representant 7% des taxons du prelevement, n'ont pas ete pris en compte dans le calcul : 49953, 50011, 3127, 3206, 3170.
0419630021/07/2022;04196300;21/07/2022;8058;IndiceShannonI2M2;1;
0419630021/07/2022;04196300;21/07/2022;8057;AverageScorePerTaxonI2M2;0.5884;
0419630021/07/2022;04196300;21/07/2022;8056;PolyvoltinismeI2M2;0.98;
0419630021/07/2022;04196300;21/07/2022;8055;OvovivipariteI2M2;0.6726;
0419630021/07/2022;04196300;21/07/2022;8054;RichesseI2M2;0.622;
0419630021/07/2022;04196300;21/07/2022;7613;Ind Invert Multimetrique;0.7713;
0419630021/07/2022;04196300;21/07/2022;8050;NbTaxonsI2M2Contributifs;51;Les taxons suivants, representant 2% des taxons du prelevement, n'ont pas ete pris en compte dans le calcul : 50011.
0419690705/05/2022;04196907;05/05/2022;8058;IndiceShannonI2M2;0.3264;
0419690705/05/2022;04196907;05/05/2022;8057;AverageScorePerTaxonI2M2;0.8093;
0419690705/05/2022;04196907;05/05/2022;8056;PolyvoltinismeI2M2;0.6108;
0419690705/05/2022;04196907;05/05/2022;8055;OvovivipariteI2M2;0.5637;
0419690705/05/2022;04196907;05/05/2022;8054;RichesseI2M2;0.6897;
0419690705/05/2022;04196907;05/05/2022;7613;Ind Invert Multimetrique;0.6077;
0419690705/05/2022;04196907;05/05/2022;8050;NbTaxonsI2M2Contributifs;46;Les taxons suivants, representant 2% des taxons du prelevement, n'ont pas ete pris en compte dans le calcul : 3206.
0419781829/08/2022;04197818;29/08/2022;8058;IndiceShannonI2M2;0.9574;
0419781829/08/2022;04197818;29/08/2022;8057;AverageScorePerTaxonI2M2;0.9424;
0419781829/08/2022;04197818;29/08/2022;8056;PolyvoltinismeI2M2;0.8836;
0419781829/08/2022;04197818;29/08/2022;8055;OvovivipariteI2M2;0.8369;
0419781829/08/2022;04197818;29/08/2022;8054;RichesseI2M2;0.8464;
0419781829/08/2022;04197818;29/08/2022;7613;Ind Invert Multimetrique;0.8927;
0419781829/08/2022;04197818;29/08/2022;8050;NbTaxonsI2M2Contributifs;55;Les taxons suivants, representant 5% des taxons du prelevement, n'ont pas ete pris en compte dans le calcul : 49953, 50792, 50011.
0419937005/05/2022;04199370;05/05/2022;8058;IndiceShannonI2M2;0.6261;
0419937005/05/2022;04199370;05/05/2022;8057;AverageScorePerTaxonI2M2;1;
0419937005/05/2022;04199370;05/05/2022;8056;PolyvoltinismeI2M2;0.891;
0419937005/05/2022;04199370;05/05/2022;8055;OvovivipariteI2M2;1;
0419937005/05/2022;04199370;05/05/2022;8054;RichesseI2M2;0.4075;
0419937005/05/2022;04199370;05/05/2022;7613;Ind Invert Multimetrique;0.8182;
0419937005/05/2022;04199370;05/05/2022;8050;NbTaxonsI2M2Contributifs;38;
0419962005/05/2022;04199620;05/05/2022;8058;IndiceShannonI2M2;0.1587;
0419962005/05/2022;04199620;05/05/2022;8057;AverageScorePerTaxonI2M2;0.2503;
0419962005/05/2022;04199620;05/05/2022;8056;PolyvoltinismeI2M2;0.0309;
0419962005/05/2022;04199620;05/05/2022;8055;OvovivipariteI2M2;0.0934;
0419962005/05/2022;04199620;05/05/2022;8054;RichesseI2M2;0.0627;
0419962005/05/2022;04199620;05/05/2022;7613;Ind Invert Multimetrique;0.1202;
0419962005/05/2022;04199620;05/05/2022;8050;NbTaxonsI2M2Contributifs;26;Les taxons suivants, representant 10% des taxons du prelevement, n'ont pas ete pris en compte dans le calcul : 50011, 3206, 3170.
0419986529/08/2022;04199865;29/08/2022;8058;IndiceShannonI2M2;1;
0419986529/08/2022;04199865;29/08/2022;8057;AverageScorePerTaxonI2M2;0.8498;
0419986529/08/2022;04199865;29/08/2022;8056;PolyvoltinismeI2M2;0.77;
0419986529/08/2022;04199865;29/08/2022;8055;OvovivipariteI2M2;0.6629;
0419986529/08/2022;04199865;29/08/2022;8054;RichesseI2M2;1;
0419986529/08/2022;04199865;29/08/2022;7613;Ind Invert Multimetrique;0.8389;
0419986529/08/2022;04199865;29/08/2022;8050;NbTaxonsI2M2Contributifs;67;Les taxons suivants, representant 3% des taxons du prelevement, n'ont pas ete pris en compte dans le calcul : 3127, 3206.
0420118503/05/2022;04201185;03/05/2022;8058;IndiceShannonI2M2;0.5781;
0420118503/05/2022;04201185;03/05/2022;8057;AverageScorePerTaxonI2M2;0.6813;
0420118503/05/2022;04201185;03/05/2022;8056;PolyvoltinismeI2M2;0.6471;
0420118503/05/2022;04201185;03/05/2022;8055;OvovivipariteI2M2;0.6964;
0420118503/05/2022;04201185;03/05/2022;8054;RichesseI2M2;0.5918;
0420118503/05/2022;04201185;03/05/2022;7613;Ind Invert Multimetrique;0.6453;
0420118503/05/2022;04201185;03/05/2022;8050;NbTaxonsI2M2Contributifs;54;Les taxons suivants, representant 4% des taxons du prelevement, n'ont pas ete pris en compte dans le calcul : 49953, 3206.
0420430017/08/2022;04204300;17/08/2022;8058;IndiceShannonI2M2;0.8237;
0420430017/08/2022;04204300;17/08/2022;8057;AverageScorePerTaxonI2M2;0.416;
0420430017/08/2022;04204300;17/08/2022;8056;PolyvoltinismeI2M2;0.4653;
0420430017/08/2022;04204300;17/08/2022;8055;OvovivipariteI2M2;0.3258;
0420430017/08/2022;04204300;17/08/2022;8054;RichesseI2M2;0.7656;
0420430017/08/2022;04204300;17/08/2022;7613;Ind Invert Multimetrique;0.5315;
0420430017/08/2022;04204300;17/08/2022;8050;NbTaxonsI2M2Contributifs;54;Les taxons suivants, representant 2% des taxons du prelevement, n'ont pas ete pris en compte dans le calcul : 3127.
0420550002/05/2022;04205500;02/05/2022;8058;IndiceShannonI2M2;0.2712;
0420550002/05/2022;04205500;02/05/2022;8057;AverageScorePerTaxonI2M2;0.4522;
0420550002/05/2022;04205500;02/05/2022;8056;PolyvoltinismeI2M2;0.3356;
0420550002/05/2022;04205500;02/05/2022;8055;OvovivipariteI2M2;0.1977;
0420550002/05/2022;04205500;02/05/2022;8054;RichesseI2M2;0.8777;
0420550002/05/2022;04205500;02/05/2022;7613;Ind Invert Multimetrique;0.4045;
0420550002/05/2022;04205500;02/05/2022;8050;NbTaxonsI2M2Contributifs;51;Les taxons suivants, representant 6% des taxons du prelevement, n'ont pas ete pris en compte dans le calcul : 50011, 3206, 3170.
0420740018/07/2022;04207400;18/07/2022;8058;IndiceShannonI2M2;0.7147;
0420740018/07/2022;04207400;18/07/2022;8057;AverageScorePerTaxonI2M2;0.4185;
0420740018/07/2022;04207400;18/07/2022;8056;PolyvoltinismeI2M2;0.2616;
0420740018/07/2022;04207400;18/07/2022;8055;OvovivipariteI2M2;0.0095;
0420740018/07/2022;04207400;18/07/2022;8054;RichesseI2M2;0.5329;
0420740018/07/2022;04207400;18/07/2022;7613;Ind Invert Multimetrique;0.3594;
0420740018/07/2022;04207400;18/07/2022;8050;NbTaxonsI2M2Contributifs;40;Les taxons suivants, representant 5% des taxons du prelevement, n'ont pas ete pris en compte dans le calcul : 50792, 50011.
0420900018/07/2022;04209000;18/07/2022;8058;IndiceShannonI2M2;1;
0420900018/07/2022;04209000;18/07/2022;8057;AverageScorePerTaxonI2M2;0.3454;
0420900018/07/2022;04209000;18/07/2022;8056;PolyvoltinismeI2M2;0.1119;
0420900018/07/2022;04209000;18/07/2022;8055;OvovivipariteI2M2;0.0972;
0420900018/07/2022;04209000;18/07/2022;8054;RichesseI2M2;0.8134;
0420900018/07/2022;04209000;18/07/2022;7613;Ind Invert Multimetrique;0.4223;
0420900018/07/2022;04209000;18/07/2022;8050;NbTaxonsI2M2Contributifs;59;Les taxons suivants, representant 2% des taxons du prelevement, n'ont pas ete pris en compte dans le calcul : 3127.
0421080004/05/2022;04210800;04/05/2022;8058;IndiceShannonI2M2;0.5093;
0421080004/05/2022;04210800;04/05/2022;8057;AverageScorePerTaxonI2M2;0.4118;
0421080004/05/2022;04210800;04/05/2022;8056;PolyvoltinismeI2M2;0.338;
0421080004/05/2022;04210800;04/05/2022;8055;OvovivipariteI2M2;0.3753;
0421080004/05/2022;04210800;04/05/2022;8054;RichesseI2M2;0.3762;
0421080004/05/2022;04210800;04/05/2022;7613;Ind Invert Multimetrique;0.398;
0421080004/05/2022;04210800;04/05/2022;8050;NbTaxonsI2M2Contributifs;35;Les taxons suivants, representant 3% des taxons du prelevement, n'ont pas ete pris en compte dans le calcul : 3206.
0421100002/08/2022;04211000;02/08/2022;8058;IndiceShannonI2M2;0.4569;
0421100002/08/2022;04211000;02/08/2022;8057;AverageScorePerTaxonI2M2;0.2351;
0421100002/08/2022;04211000;02/08/2022;8056;PolyvoltinismeI2M2;0.2569;
0421100002/08/2022;04211000;02/08/2022;8055;OvovivipariteI2M2;0;
0421100002/08/2022;04211000;02/08/2022;8054;RichesseI2M2;0.5742;
0421100002/08/2022;04211000;02/08/2022;7613;Ind Invert Multimetrique;0.2782;
0421100002/08/2022;04211000;02/08/2022;8050;NbTaxonsI2M2Contributifs;46;Les taxons suivants, representant 2% des taxons du prelevement, n'ont pas ete pris en compte dans le calcul : 3206.
0421270004/05/2022;04212700;04/05/2022;8058;IndiceShannonI2M2;0.7031;
0421270004/05/2022;04212700;04/05/2022;8057;AverageScorePerTaxonI2M2;0.4663;
0421270004/05/2022;04212700;04/05/2022;8056;PolyvoltinismeI2M2;0.1521;
0421270004/05/2022;04212700;04/05/2022;8055;OvovivipariteI2M2;0.2294;
0421270004/05/2022;04212700;04/05/2022;8054;RichesseI2M2;0.622;
0421270004/05/2022;04212700;04/05/2022;7613;Ind Invert Multimetrique;0.407;
0421270004/05/2022;04212700;04/05/2022;8050;NbTaxonsI2M2Contributifs;51;Les taxons suivants, representant 4% des taxons du prelevement, n'ont pas ete pris en compte dans le calcul : 3127, 3206.
0421710002/06/2022;04217100;02/06/2022;8058;IndiceShannonI2M2;0.36;
0421710002/06/2022;04217100;02/06/2022;8057;AverageScorePerTaxonI2M2;0.9124;
0421710002/06/2022;04217100;02/06/2022;8056;PolyvoltinismeI2M2;0.5591;
0421710002/06/2022;04217100;02/06/2022;8055;OvovivipariteI2M2;0.1937;
0421710002/06/2022;04217100;02/06/2022;8054;RichesseI2M2;0.5016;
0421710002/06/2022;04217100;02/06/2022;7613;Ind Invert Multimetrique;0.5113;
0421710002/06/2022;04217100;02/06/2022;8050;NbTaxonsI2M2Contributifs;41;Les taxons suivants, representant 5% des taxons du prelevement, n'ont pas ete pris en compte dans le calcul : 50011, 3206.
0421740002/06/2022;04217400;02/06/2022;8058;IndiceShannonI2M2;0.5384;
0421740002/06/2022;04217400;02/06/2022;8057;AverageScorePerTaxonI2M2;0.8811;
0421740002/06/2022;04217400;02/06/2022;8056;PolyvoltinismeI2M2;0.7104;
0421740002/06/2022;04217400;02/06/2022;8055;OvovivipariteI2M2;0.523;
0421740002/06/2022;04217400;02/06/2022;8054;RichesseI2M2;1;
0421740002/06/2022;04217400;02/06/2022;7613;Ind Invert Multimetrique;0.7219;
0421740002/06/2022;04217400;02/06/2022;8050;NbTaxonsI2M2Contributifs;59;Les taxons suivants, representant 2% des taxons du prelevement, n'ont pas ete pris en compte dans le calcul : 50011.
0432200016/09/2022;04322000;16/09/2022;8058;IndiceShannonI2M2;0.9225;
0432200016/09/2022;04322000;16/09/2022;8057;AverageScorePerTaxonI2M2;1;
0432200016/09/2022;04322000;16/09/2022;8056;PolyvoltinismeI2M2;0.9455;
0432200016/09/2022;04322000;16/09/2022;8055;OvovivipariteI2M2;0.8019;
0432200016/09/2022;04322000;16/09/2022;8054;RichesseI2M2;0.6531;
0432200016/09/2022;04322000;16/09/2022;7613;Ind Invert Multimetrique;0.875;
0432200016/09/2022;04322000;16/09/2022;8050;NbTaxonsI2M2Contributifs;61;Les taxons suivants, representant 3% des taxons du prelevement, n'ont pas ete pris en compte dans le calcul : 20359, 49953.
0432500615/09/2022;04325006;15/09/2022;8058;IndiceShannonI2M2;0.4749;
0432500615/09/2022;04325006;15/09/2022;8057;AverageScorePerTaxonI2M2;0.494;
0432500615/09/2022;04325006;15/09/2022;8056;PolyvoltinismeI2M2;0.341;
0432500615/09/2022;04325006;15/09/2022;8055;OvovivipariteI2M2;0.1597;
0432500615/09/2022;04325006;15/09/2022;8054;RichesseI2M2;0.3265;
0432500615/09/2022;04325006;15/09/2022;7613;Ind Invert Multimetrique;0.3544;
0432500615/09/2022;04325006;15/09/2022;8050;NbTaxonsI2M2Contributifs;38;Les taxons suivants, representant 3% des taxons du prelevement, n'ont pas ete pris en compte dans le calcul : 50011.
0433300009/08/2022;04333000;09/08/2022;8058;IndiceShannonI2M2;0.7336;
0433300009/08/2022;04333000;09/08/2022;8057;AverageScorePerTaxonI2M2;0.5493;
0433300009/08/2022;04333000;09/08/2022;8056;PolyvoltinismeI2M2;0.5679;
0433300009/08/2022;04333000;09/08/2022;8055;OvovivipariteI2M2;0.3732;
0433300009/08/2022;04333000;09/08/2022;8054;RichesseI2M2;0.3878;
0433300009/08/2022;04333000;09/08/2022;7613;Ind Invert Multimetrique;0.5197;
0433300009/08/2022;04333000;09/08/2022;8050;NbTaxonsI2M2Contributifs;42;Les taxons suivants, representant 7% des taxons du prelevement, n'ont pas ete pris en compte dans le calcul : 50792, 50011, 3170.
0435400123/08/2022;04354001;23/08/2022;8058;IndiceShannonI2M2;0.4515;
0435400123/08/2022;04354001;23/08/2022;8057;AverageScorePerTaxonI2M2;0.5186;
0435400123/08/2022;04354001;23/08/2022;8056;PolyvoltinismeI2M2;0.6689;
0435400123/08/2022;04354001;23/08/2022;8055;OvovivipariteI2M2;0.5716;
0435400123/08/2022;04354001;23/08/2022;8054;RichesseI2M2;0.3469;
0435400123/08/2022;04354001;23/08/2022;7613;Ind Invert Multimetrique;0.5259;
0435400123/08/2022;04354001;23/08/2022;8050;NbTaxonsI2M2Contributifs;41;Les taxons suivants, representant 5% des taxons du prelevement, n'ont pas ete pris en compte dans le calcul : 50011, 3170.
0436000102/06/2022;04360001;02/06/2022;8058;IndiceShannonI2M2;0.3167;
0436000102/06/2022;04360001;02/06/2022;8057;AverageScorePerTaxonI2M2;0.6006;
0436000102/06/2022;04360001;02/06/2022;8056;PolyvoltinismeI2M2;0.6111;
0436000102/06/2022;04360001;02/06/2022;8055;OvovivipariteI2M2;0.3293;
0436000102/06/2022;04360001;02/06/2022;8054;RichesseI2M2;0.4898;
0436000102/06/2022;04360001;02/06/2022;7613;Ind Invert Multimetrique;0.4757;
0436000102/06/2022;04360001;02/06/2022;8050;NbTaxonsI2M2Contributifs;49;Les taxons suivants, representant 4% des taxons du prelevement, n'ont pas ete pris en compte dans le calcul : 50011, 3206.
0437000403/05/2022;04370004;03/05/2022;8058;IndiceShannonI2M2;0.2898;
0437000403/05/2022;04370004;03/05/2022;8057;AverageScorePerTaxonI2M2;0.1316;
0437000403/05/2022;04370004;03/05/2022;8056;PolyvoltinismeI2M2;0.0984;
0437000403/05/2022;04370004;03/05/2022;8055;OvovivipariteI2M2;0;
0437000403/05/2022;04370004;03/05/2022;8054;RichesseI2M2;0.1254;
0437000403/05/2022;04370004;03/05/2022;7613;Ind Invert Multimetrique;0.1205;
0437000403/05/2022;04370004;03/05/2022;8050;NbTaxonsI2M2Contributifs;26;Les taxons suivants, representant 7% des taxons du prelevement, n'ont pas ete pris en compte dans le calcul : 50011, 3206.
0437400103/05/2022;04374001;03/05/2022;8058;IndiceShannonI2M2;0.3388;
0437400103/05/2022;04374001;03/05/2022;8057;AverageScorePerTaxonI2M2;0.1769;
0437400103/05/2022;04374001;03/05/2022;8056;PolyvoltinismeI2M2;0.0612;
0437400103/05/2022;04374001;03/05/2022;8055;OvovivipariteI2M2;0.0895;
0437400103/05/2022;04374001;03/05/2022;8054;RichesseI2M2;0.2821;
0437400103/05/2022;04374001;03/05/2022;7613;Ind Invert Multimetrique;0.1753;
0437400103/05/2022;04374001;03/05/2022;8050;NbTaxonsI2M2Contributifs;34;Les taxons suivants, representant 6% des taxons du prelevement, n'ont pas ete pris en compte dans le calcul : 50011, 3170.
0437500004/05/2022;04375000;04/05/2022;8058;IndiceShannonI2M2;0.4699;
0437500004/05/2022;04375000;04/05/2022;8057;AverageScorePerTaxonI2M2;0.5867;
0437500004/05/2022;04375000;04/05/2022;8056;PolyvoltinismeI2M2;0.4437;
0437500004/05/2022;04375000;04/05/2022;8055;OvovivipariteI2M2;0.2691;
0437500004/05/2022;04375000;04/05/2022;8054;RichesseI2M2;0.4702;
0437500004/05/2022;04375000;04/05/2022;7613;Ind Invert Multimetrique;0.4444;
0437500004/05/2022;04375000;04/05/2022;8050;NbTaxonsI2M2Contributifs;39;Les taxons suivants, representant 5% des taxons du prelevement, n'ont pas ete pris en compte dans le calcul : 50011, 3206.
0437700104/05/2022;04377001;04/05/2022;8058;IndiceShannonI2M2;0.801;
0437700104/05/2022;04377001;04/05/2022;8057;AverageScorePerTaxonI2M2;0.7886;
0437700104/05/2022;04377001;04/05/2022;8056;PolyvoltinismeI2M2;0.4157;
0437700104/05/2022;04377001;04/05/2022;8055;OvovivipariteI2M2;0.3934;
0437700104/05/2022;04377001;04/05/2022;8054;RichesseI2M2;0.7837;
0437700104/05/2022;04377001;04/05/2022;7613;Ind Invert Multimetrique;0.6167;
0437700104/05/2022;04377001;04/05/2022;8050;NbTaxonsI2M2Contributifs;50;Les taxons suivants, representant 4% des taxons du prelevement, n'ont pas ete pris en compte dans le calcul : 3206, 3170.
0411070008/09/2022;04110700;08/09/2022;8058;IndiceShannonI2M2;0.6328;
0411070008/09/2022;04110700;08/09/2022;8057;AverageScorePerTaxonI2M2;0.5019;
0411070008/09/2022;04110700;08/09/2022;8056;PolyvoltinismeI2M2;0.2294;
0411070008/09/2022;04110700;08/09/2022;8055;OvovivipariteI2M2;0.5886;
0411070008/09/2022;04110700;08/09/2022;8054;RichesseI2M2;0.3256;
0411070008/09/2022;04110700;08/09/2022;7613;Ind Invert Multimetrique;0.4547;
0411070008/09/2022;04110700;08/09/2022;8050;NbTaxonsI2M2Contributifs;36;Les taxons suivants, representant 5% des taxons du prelevement, n'ont pas ete pris en compte dans le calcul : 50011, 3170.
0411074021/09/2022;04110740;21/09/2022;8058;IndiceShannonI2M2;0.3161;
0411074021/09/2022;04110740;21/09/2022;8057;AverageScorePerTaxonI2M2;0.7642;
0411074021/09/2022;04110740;21/09/2022;8056;PolyvoltinismeI2M2;0.4391;
0411074021/09/2022;04110740;21/09/2022;8055;OvovivipariteI2M2;0.624;
0411074021/09/2022;04110740;21/09/2022;8054;RichesseI2M2;0.1277;
0411074021/09/2022;04110740;21/09/2022;7613;Ind Invert Multimetrique;0.4824;
0411074021/09/2022;04110740;21/09/2022;8050;NbTaxonsI2M2Contributifs;30;Les taxons suivants, representant 6% des taxons du prelevement, n'ont pas ete pris en compte dans le calcul : 50011, 3206.
0411558009/09/2022;04115580;09/09/2022;8058;IndiceShannonI2M2;0.7386;
0411558009/09/2022;04115580;09/09/2022;8057;AverageScorePerTaxonI2M2;0.8524;
0411558009/09/2022;04115580;09/09/2022;8056;PolyvoltinismeI2M2;1;
0411558009/09/2022;04115580;09/09/2022;8055;OvovivipariteI2M2;0.8767;
0411558009/09/2022;04115580;09/09/2022;8054;RichesseI2M2;0.4839;
0411558009/09/2022;04115580;09/09/2022;7613;Ind Invert Multimetrique;0.8136;
0411558009/09/2022;04115580;09/09/2022;8050;NbTaxonsI2M2Contributifs;50;Les taxons suivants, representant 2% des taxons du prelevement, n'ont pas ete pris en compte dans le calcul : 49953.
0411567508/09/2022;04115675;08/09/2022;8058;IndiceShannonI2M2;0.8187;
0411567508/09/2022;04115675;08/09/2022;8057;AverageScorePerTaxonI2M2;0.8549;
0411567508/09/2022;04115675;08/09/2022;8056;PolyvoltinismeI2M2;0.7301;
0411567508/09/2022;04115675;08/09/2022;8055;OvovivipariteI2M2;0.6172;
0411567508/09/2022;04115675;08/09/2022;8054;RichesseI2M2;0.4894;
0411567508/09/2022;04115675;08/09/2022;7613;Ind Invert Multimetrique;0.7093;
0411567508/09/2022;04115675;08/09/2022;8050;NbTaxonsI2M2Contributifs;45;Les taxons suivants, representant 4% des taxons du prelevement, n'ont pas ete pris en compte dans le calcul : 49953, 50011.
0412310007/09/2022;04123100;07/09/2022;8058;IndiceShannonI2M2;0.7817;
0412310007/09/2022;04123100;07/09/2022;8057;AverageScorePerTaxonI2M2;0.82;
0412310007/09/2022;04123100;07/09/2022;8056;PolyvoltinismeI2M2;0.96;
0412310007/09/2022;04123100;07/09/2022;8055;OvovivipariteI2M2;0.8451;
0412310007/09/2022;04123100;07/09/2022;8054;RichesseI2M2;0.4082;
0412310007/09/2022;04123100;07/09/2022;7613;Ind Invert Multimetrique;0.7858;
0412310007/09/2022;04123100;07/09/2022;8050;NbTaxonsI2M2Contributifs;43;Les taxons suivants, representant 2% des taxons du prelevement, n'ont pas ete pris en compte dans le calcul : 50011.
0412376007/09/2022;04123760;07/09/2022;8058;IndiceShannonI2M2;0.8577;
0412376007/09/2022;04123760;07/09/2022;8057;AverageScorePerTaxonI2M2;0.9919;
0412376007/09/2022;04123760;07/09/2022;8056;PolyvoltinismeI2M2;0.8934;
0412376007/09/2022;04123760;07/09/2022;8055;OvovivipariteI2M2;0.8727;
0412376007/09/2022;04123760;07/09/2022;8054;RichesseI2M2;0.4286;
0412376007/09/2022;04123760;07/09/2022;7613;Ind Invert Multimetrique;0.8311;
0412376007/09/2022;04123760;07/09/2022;8050;NbTaxonsI2M2Contributifs;45;Les taxons suivants, representant 2% des taxons du prelevement, n'ont pas ete pris en compte dans le calcul : 50011.
0460000221/09/2022;04600002;21/09/2022;8058;IndiceShannonI2M2;0.4577;
0460000221/09/2022;04600002;21/09/2022;8057;AverageScorePerTaxonI2M2;0.3438;
0460000221/09/2022;04600002;21/09/2022;8056;PolyvoltinismeI2M2;0;
0460000221/09/2022;04600002;21/09/2022;8055;OvovivipariteI2M2;0;
0460000221/09/2022;04600002;21/09/2022;8054;RichesseI2M2;0.1837;
0460000221/09/2022;04600002;21/09/2022;7613;Ind Invert Multimetrique;0.1829;
0460000221/09/2022;04600002;21/09/2022;8050;NbTaxonsI2M2Contributifs;32;Les taxons suivants, representant 9% des taxons du prelevement, n'ont pas ete pris en compte dans le calcul : 3127, 3206, 3170.
